<Backups xmlns="http://www.microsoft.com/GroupPolicy/GPOOperations/Manifest" xmlns:mfst="http://www.microsoft.com/GroupPolicy/GPOOperations/Manifest" mfst:version="1.0"><BackupInst><GPOGuid><![CDATA[{F5AD0E34-4AF0-4916-BD95-CD133FC5EC49}]]></GPOGuid><GPODomain><![CDATA[tob.basalt.net]]></GPODomain><GPODomainGuid><![CDATA[{753d4e16-1be0-4a4d-9c87-611b04313653}]]></GPODomainGuid><GPODomainController><![CDATA[TOBBALMIDDC01.tob.basalt.net]]></GPODomainController><BackupTime><![CDATA[2021-02-05T20:42:07]]></BackupTime><ID><![CDATA[{03099A21-2C78-4CC7-A897-9B5B4884201A}]]></ID><Comment><![CDATA[Default Bitlocker GPO]]></Comment><GPODisplayName><![CDATA[Bitlocker]]></GPODisplayName></BackupInst></Backups>